Year,closing_price
2014-02-26,16.86666679
2014-02-27,16.83600044
2014-02-28,16.32066727
2014-03-03,16.70400047
2014-03-04,16.9893322
2014-03-05,16.84399986
2014-03-06,16.86266708
2014-03-07,16.41399956
2014-03-10,15.92266655
2014-03-11,15.62733269
2014-03-12,16.09933281
2014-03-13,15.85266685
2014-03-14,15.39799976
2014-03-17,15.59866714
2014-03-18,16.00266647
2014-03-19,15.72266674
2014-03-20,15.66066742
2014-03-21,15.25933266
2014-03-24,14.67800045
2014-03-25,14.6960001
2014-03-26,14.19733334
2014-03-27,13.82133293
2014-03-28,14.15799999
2014-03-31,13.89666653
2014-04-01,14.46466732
2014-04-02,15.35266685
2014-04-03,15.02666664
2014-04-04,14.14866734
2014-04-07,13.83466721
2014-04-08,14.36400032
2014-04-09,14.46199989
2014-04-10,13.61266708
2014-04-11,13.58533287
2014-04-14,13.20600033
2014-04-15,12.92733288
2014-04-16,13.27400017
2014-04-17,13.20800018
2014-04-21,13.62533283
2014-04-22,14.57600021
2014-04-23,13.86600018
2014-04-24,13.85733318
2014-04-25,13.32333279
2014-04-28,13.23400021
2014-04-29,13.79466724
2014-04-30,13.85933304
2014-05-01,13.84866714
2014-05-02,14.06066704
2014-05-05,14.44066715
2014-05-06,13.81866741
2014-05-07,13.42333317
2014-05-08,11.90600014
2014-05-09,12.15066719
2014-05-12,12.3113327
2014-05-13,12.67733288
2014-05-14,12.70800018
2014-05-15,12.57266712
2014-05-16,12.77066708
2014-05-19,13.07266712
2014-05-20,13.02000046
2014-05-21,13.2966671
2014-05-22,13.65866661
2014-05-23,13.81999969
2014-05-27,14.10400009
2014-05-28,14.01599979
2014-05-29,14.01599979
2014-05-30,13.85133266
2014-06-02,13.64666653
2014-06-03,13.66266727
2014-06-04,13.59933281
2014-06-05,13.79333305
2014-06-06,13.87800026
2014-06-09,13.68733311
2014-06-10,13.48666668
2014-06-11,13.63133335
2014-06-12,13.56799984
2014-06-13,13.76133347
2014-06-16,14.97399998
2014-06-17,15.44466686
2014-06-18,15.14133263
2014-06-19,15.18599987
2014-06-20,15.30599976
2014-06-23,15.81466675
2014-06-24,15.5
2014-06-25,15.79266739
2014-06-26,15.70666695
2014-06-27,15.93733311
2014-06-30,16.00399971
2014-07-01,15.98133278
2014-07-02,15.29533291
2014-07-03,15.28333282
2014-07-07,14.84399986
2014-07-08,14.60466671
2014-07-09,14.87066746
2014-07-10,14.63066673
2014-07-11,14.54199982
2014-07-14,15.11333275
2014-07-15,14.63866711
2014-07-16,14.47733307
2014-07-17,14.35999966
2014-07-18,14.66800022
2014-07-21,14.70266724
2014-07-22,14.63866711
2014-07-23,14.83266735
2014-07-24,14.90266705
2014-07-25,14.9046669
2014-07-28,14.98799992
2014-07-29,15.00066662
2014-07-30,15.26133347
2014-07-31,14.88666725
2014-08-01,15.55133343
2014-08-04,15.90133286
2014-08-05,15.899333
2014-08-06,16.5953331
2014-08-07,16.82600021
2014-08-08,16.54199982
2014-08-11,17.28800011
2014-08-12,17.3306675
2014-08-13,17.35400009
2014-08-14,17.42533302
2014-08-15,17.46733284
2014-08-18,17.32933235
2014-08-19,17.11733246
2014-08-20,17.04733276
2014-08-21,16.95599937
2014-08-22,17.1186676
2014-08-25,17.50333214
2014-08-26,17.44933319
2014-08-27,17.54999924
2014-08-28,17.59066772
2014-08-29,17.97999954
2014-09-02,18.94133377
2014-09-03,18.74600029
2014-09-04,19.06933212
2014-09-05,18.49266624
2014-09-08,18.80733299
2014-09-09,18.56533241
2014-09-10,18.73999977
2014-09-11,18.68733215
2014-09-12,18.61333275
2014-09-15,16.92399979
2014-09-16,17.38266754
2014-09-17,17.42533302
2014-09-18,17.58799934
2014-09-19,17.28800011
2014-09-22,16.66866684
2014-09-23,16.69400024
2014-09-24,16.8093338
2014-09-25,16.46333313
2014-09-26,16.44000053
2014-09-29,16.35066795
2014-09-30,16.17866707
2014-10-01,16.01600075
2014-10-02,16.76133347
2014-10-03,17.01399994
2014-10-06,17.37466621
2014-10-07,17.30466652
2014-10-08,17.28533363
2014-10-09,17.13400078
2014-10-10,15.79399967
2014-10-13,14.97266674
2014-10-14,15.13733292
2014-10-15,15.31333256
2014-10-16,15.09000015
2014-10-17,15.16533279
2014-10-20,15.36466694
2014-10-21,15.68933296
2014-10-22,15.40666676
2014-10-23,15.68599987
2014-10-24,15.68266678
2014-10-27,14.77799988
2014-10-28,16.18466759
2014-10-29,15.87333298
2014-10-30,15.91066742
2014-10-31,16.11333275
2014-11-03,16.17266655
2014-11-04,15.92866707
2014-11-05,15.39799976
2014-11-06,16.08133316
2014-11-07,16.01333237
2014-11-10,16.12866783
2014-11-11,16.73866653
2014-11-12,16.60666656
2014-11-13,16.78000069
2014-11-14,17.24533272
2014-11-17,16.93199921
2014-11-18,17.18000031
2014-11-19,16.51600075
2014-11-20,16.5806675
2014-11-21,16.18533325
2014-11-24,16.44799995
2014-11-25,16.53933334
2014-11-26,16.56266785
2014-11-28,16.30133247
2014-12-01,15.44266701
2014-12-02,15.42866707
2014-12-03,15.28666687
2014-12-04,15.21866703
2014-12-05,14.91399956
2014-12-08,14.29066658
2014-12-09,14.45933342
2014-12-10,13.98933315
2014-12-11,13.92533302
2014-12-12,13.80000019
2014-12-15,13.60266685
2014-12-16,13.18733311
2014-12-17,13.72133255
2014-12-18,14.55066681
2014-12-19,14.61933327
2014-12-22,14.84000015
2014-12-23,14.73133278
2014-12-24,14.81733322
2014-12-26,15.18799973
2014-12-29,15.04733276
2014-12-30,14.81533337
2014-12-31,14.82733345
2015-01-02,14.62066746
2015-01-05,14.00599957
2015-01-06,14.08533287
2015-01-07,14.06333256
2015-01-08,14.0413332
2015-01-09,13.77733326
2015-01-12,13.48066711
2015-01-13,13.61666679
2015-01-14,12.84599972
2015-01-15,12.7913332
2015-01-16,12.87133312
2015-01-20,12.79533291
2015-01-21,13.10466671
2015-01-22,13.44133282
2015-01-23,13.41933346
2015-01-26,13.77000046
2015-01-27,13.73200035
2015-01-28,13.2913332
2015-01-29,13.68000031
2015-01-30,13.57333279
2015-02-02,14.06266689
2015-02-03,14.55733299
2015-02-04,14.56999969
2015-02-05,14.73266697
2015-02-06,14.49066734
2015-02-09,14.49866676
2015-02-10,14.41933346
2015-02-11,14.18666744
2015-02-12,13.5253334
2015-02-13,13.58466721
2015-02-17,13.62333298
2015-02-18,13.63066673
2015-02-19,14.11400032
2015-02-20,14.47399998
2015-02-23,13.82266712
2015-02-24,13.60733318
2015-02-25,13.58399963
2015-02-26,13.81266689
2015-02-27,13.55599976
2015-03-02,13.15533257
2015-03-03,13.3039999
2015-03-04,13.49600029
2015-03-05,13.37533283
2015-03-06,12.92533302
2015-03-09,12.72533321
2015-03-10,12.68799973
2015-03-11,12.91600037
2015-03-12,12.73799992
2015-03-13,12.57866669
2015-03-16,13.0466671
2015-03-17,12.98200035
2015-03-18,13.38066673
2015-03-19,13.04333305
2015-03-20,13.20533276
2015-03-23,13.30866718
2015-03-24,13.44799995
2015-03-25,12.9533329
2015-03-26,12.69400024
2015-03-27,12.33333302
2015-03-30,12.70466709
2015-03-31,12.58466721
2015-04-01,12.50599957
2015-04-02,12.73333263
2015-04-06,13.53999996
2015-04-07,13.55000019
2015-04-08,13.84466743
2015-04-09,14.00599957
2015-04-10,14.06000042
2015-04-13,13.98533344
2015-04-14,13.83066654
2015-04-15,13.85533333
2015-04-16,13.77999973
2015-04-17,13.78600025
2015-04-20,13.68466663
2015-04-21,13.96066666
2015-04-22,14.62933254
2015-04-23,14.57333279
2015-04-24,14.56200027
2015-04-27,15.43666744
2015-04-28,15.3653326
2015-04-29,15.49666691
2015-04-30,15.06999969
2015-05-01,15.06866741
2015-05-04,15.36733341
2015-05-05,15.52999973
2015-05-06,15.36200047
2015-05-07,15.78666687
2015-05-08,15.77400017
2015-05-11,15.9659996
2015-05-12,16.31599998
2015-05-13,16.21199989
2015-05-14,16.2733326
2015-05-15,16.58933258
2015-05-18,16.58333206
2015-05-19,16.47599983
2015-05-20,16.29000092
2015-05-21,16.37466621
2015-05-22,16.51533318
2015-05-26,16.49733353
2015-05-27,16.49533272
2015-05-28,16.76333237
2015-05-29,16.71999931
2015-06-01,16.62999916
2015-06-02,16.55666733
2015-06-03,16.59933281
2015-06-04,16.39466667
2015-06-05,16.60933304
2015-06-08,17.08600044
2015-06-09,17.06666756
2015-06-10,16.71333313
2015-06-11,16.7606678
2015-06-12,16.71266747
2015-06-15,16.69199944
2015-06-16,16.87466621
2015-06-17,17.36066628
2015-06-18,17.45933342
2015-06-19,17.50066757
2015-06-22,17.31933212
2015-06-23,17.84466743
2015-06-24,17.6779995
2015-06-25,17.9193325
2015-06-26,17.80599976
2015-06-29,17.46800041
2015-06-30,17.88400078
2015-07-01,17.94333267
2015-07-02,18.66799927
2015-07-06,18.64800072
2015-07-07,17.85866737
2015-07-08,16.99733353
2015-07-09,17.19466782
2015-07-10,17.27666664
2015-07-13,17.47733307
2015-07-14,17.70999908
2015-07-15,17.54266739
2015-07-16,17.77866745
2015-07-17,18.31066704
2015-07-20,18.81733322
2015-07-21,17.78466606
2015-07-22,17.8579998
2015-07-23,17.81333351
2015-07-24,17.69400024
2015-07-27,16.86733246
2015-07-28,17.6546669
2015-07-29,17.58799934
2015-07-30,17.7859993
2015-07-31,17.74333382
2015-08-03,17.3326664
2015-08-04,17.75200081
2015-08-05,18.00866699
2015-08-06,16.40866661
2015-08-07,16.1673336
2015-08-10,16.07600021
2015-08-11,15.82466698
2015-08-12,15.87800026
2015-08-13,16.1673336
2015-08-14,16.20999908
2015-08-17,16.99933243
2015-08-18,17.3813324
2015-08-19,17.01666641
2015-08-20,16.14533234
2015-08-21,15.3846674
2015-08-24,14.59133339
2015-08-25,14.66866684
2015-08-26,14.98933315
2015-08-27,16.19933319
2015-08-28,16.56533241
2015-08-31,16.60400009
2015-09-01,15.90866661
2015-09-02,16.5126667
2015-09-03,16.37133217
2015-09-04,16.12866783
2015-09-08,16.54466629
2015-09-09,16.59399986
2015-09-10,16.56533241
2015-09-11,16.68266678
2015-09-14,16.8793335
2015-09-15,16.9046669
2015-09-16,17.48333359
2015-09-17,17.47133255
2015-09-18,17.37466621
2015-09-21,17.61333275
2015-09-22,17.39599991
2015-09-23,17.40399933
2015-09-24,17.54133224
2015-09-25,17.12733269
2015-09-28,16.56200027
2015-09-29,16.44333267
2015-09-30,16.55999947
2015-10-01,15.99199963
2015-10-02,16.50466728
2015-10-05,16.40999985
2015-10-06,16.09733391
2015-10-07,15.46399975
2015-10-08,15.11466694
2015-10-09,14.71266747
2015-10-12,14.37199974
2015-10-13,14.61666679
2015-10-14,14.4586668
2015-10-15,14.75399971
2015-10-16,15.13399982
2015-10-19,15.20666695
2015-10-20,14.20199966
2015-10-21,14.00599957
2015-10-22,14.11466694
2015-10-23,13.93933296
2015-10-26,14.350667
2015-10-27,14.0233326
2015-10-28,14.19733334
2015-10-29,14.10866737
2015-10-30,13.79533291
2015-11-02,14.25266743
2015-11-03,13.89000034
2015-11-04,15.44200039
2015-11-05,15.45133305
2015-11-06,15.49066734
2015-11-09,15.02200031
2015-11-10,14.4333334
2015-11-11,14.60533333
2015-11-12,14.1960001
2015-11-13,13.81266689
2015-11-16,14.28733253
2015-11-17,14.26666737
2015-11-18,14.73799992
2015-11-19,14.78666687
2015-11-20,14.66733265
2015-11-23,14.51666737
2015-11-24,14.55000019
2015-11-25,15.30933285
2015-11-27,15.44066715
2015-11-30,15.350667
2015-12-01,15.81266689
2015-12-02,15.4659996
2015-12-03,15.51399994
2015-12-04,15.35866737
2015-12-07,15.40866661
2015-12-08,15.11466694
2015-12-09,14.96800041
2015-12-10,15.13799953
2015-12-11,14.46800041
2015-12-14,14.57199955
2015-12-15,14.73933315
2015-12-16,15.63399982
2015-12-17,15.55933285
2015-12-18,15.36400032
2015-12-21,15.50399971
2015-12-22,15.32999992
2015-12-23,15.31333256
2015-12-24,15.37133312
2015-12-28,15.26333332
2015-12-29,15.81266689
2015-12-30,15.87266731
2015-12-31,16.00066757
2016-01-04,14.89400005
2016-01-05,14.89533329
2016-01-06,14.60266685
2016-01-07,14.37666702
2016-01-08,14.0666666
2016-01-11,13.85666656
2016-01-12,13.99800014
2016-01-13,13.35400009
2016-01-14,13.74533272
2016-01-15,13.66600037
2016-01-19,13.64799976
2016-01-20,13.24666691
2016-01-21,13.33133316
2016-01-22,13.50333309
2016-01-25,13.09200001
2016-01-26,12.90400028
2016-01-27,12.53800011
2016-01-28,12.64666653
2016-01-29,12.74666691
2016-02-01,13.12933254
2016-02-02,12.18533325
2016-02-03,11.56533337
2016-02-04,11.6886673
2016-02-05,10.84000015
2016-02-08,9.866000175
2016-02-09,9.883333206
2016-02-10,9.578000069
2016-02-11,10.03133297
2016-02-12,10.06933308
2016-02-16,10.34466743
2016-02-17,11.24533272
2016-02-18,11.11800003
2016-02-19,11.10533333
2016-02-22,11.84933281
2016-02-23,11.81400013
2016-02-24,11.9333334
2016-02-25,12.49533272
2016-02-26,12.68933296
2016-02-29,12.79533291
2016-03-01,12.42333317
2016-03-02,12.55599976
2016-03-03,13.04933262
2016-03-04,13.40266705
2016-03-07,13.68599987
2016-03-08,13.50666714
2016-03-09,13.91466713
2016-03-10,13.67866707
2016-03-11,13.83333302
2016-03-14,14.34333324
2016-03-15,14.55599976
2016-03-16,14.79533291
2016-03-17,15.09200001
2016-03-18,15.51599979
2016-03-21,15.88799953
2016-03-22,15.61600018
2016-03-23,14.83866692
2016-03-24,15.1833334
2016-03-28,15.350667
2016-03-29,15.34200001
2016-03-30,15.1260004
2016-03-31,15.31799984
2016-04-01,15.83933258
2016-04-04,16.4659996
2016-04-05,17.03133392
2016-04-06,17.69466782
2016-04-07,17.14666748
2016-04-08,16.67133331
2016-04-11,16.66133308
2016-04-12,16.52133369
2016-04-13,16.96866608
2016-04-14,16.79066658
2016-04-15,16.96733284
2016-04-18,16.92533302
2016-04-19,16.49133301
2016-04-20,16.66466713
2016-04-21,16.55266762
2016-04-22,16.91666794
2016-04-25,16.78800011
2016-04-26,16.91600037
2016-04-27,16.76466751
2016-04-28,16.51399994
2016-04-29,16.05066681
2016-05-02,16.12000084
2016-05-03,15.48799992
2016-05-04,14.83733273
2016-05-05,14.10200024
2016-05-06,14.32866669
2016-05-09,13.92800045
2016-05-10,13.91266727
2016-05-11,13.93066692
2016-05-12,13.81866741
2016-05-13,13.84066677
2016-05-16,13.88599968
2016-05-17,13.64400005
2016-05-18,14.07800007
2016-05-19,14.34733295
2016-05-20,14.68533325
2016-05-23,14.41466713
2016-05-24,14.52733326
2016-05-25,14.63866711
2016-05-26,15.00800037
2016-05-27,14.86933327
2016-05-31,14.88199997
2016-06-01,14.63733292
2016-06-02,14.59733295
2016-06-03,14.59933281
2016-06-06,14.71199989
2016-06-07,15.48933315
2016-06-08,15.70133305
2016-06-09,15.29066658
2016-06-10,14.58600044
2016-06-13,14.52466679
2016-06-14,14.33066654
2016-06-15,14.51333332
2016-06-16,14.52866745
2016-06-17,14.36466694
2016-06-20,14.64666653
2016-06-21,14.64066696
2016-06-22,13.11066723
2016-06-23,13.09333324
2016-06-24,12.87666702
2016-06-27,13.23666668
2016-06-28,13.45266724
2016-06-29,14.0126667
2016-06-30,14.15200043
2016-07-01,14.4333334
2016-07-05,14.26533318
2016-07-06,14.29599953
2016-07-07,14.39599991
2016-07-08,14.45199966
2016-07-11,14.98533344
2016-07-12,14.9766674
2016-07-13,14.83533287
2016-07-14,14.76866722
2016-07-15,14.69333267
2016-07-18,15.08333302
2016-07-19,15.01733303
2016-07-20,15.22399998
2016-07-21,14.69999981
2016-07-22,14.81799984
2016-07-25,15.33399963
2016-07-26,15.30066681
2016-07-27,15.23266697
2016-07-28,15.3739996
2016-07-29,15.65266705
2016-08-01,15.33399963
2016-08-02,15.14666653
2016-08-03,15.05266666
2016-08-04,15.3739996
2016-08-05,15.33533287
2016-08-08,15.07733345
2016-08-09,15.27200031
2016-08-10,15.04333305
2016-08-11,14.99400043
2016-08-12,15.04066658
2016-08-15,15.03933334
2016-08-16,14.90733337
2016-08-17,14.88266659
2016-08-18,14.90066719
2016-08-19,15
2016-08-22,14.86200047
2016-08-23,14.98933315
2016-08-24,14.84133339
2016-08-25,14.73066711
2016-08-26,14.66600037
2016-08-29,14.34666729
2016-08-30,14.08933258
2016-08-31,14.13399982
2016-09-01,13.3846674
2016-09-02,13.18533325
2016-09-06,13.52200031
2016-09-07,13.44733334
2016-09-08,13.15733337
2016-09-09,12.96466732
2016-09-12,13.22000027
2016-09-13,13.06999969
2016-09-14,13.09399986
2016-09-15,13.36133289
2016-09-16,13.69333267
2016-09-19,13.75599957
2016-09-20,13.64266682
2016-09-21,13.68133259
2016-09-22,13.76200008
2016-09-23,13.82999992
2016-09-26,13.93266678
2016-09-27,13.72066689
2016-09-28,13.75133324
2016-09-29,13.38000011
2016-09-30,13.60200024
2016-10-03,14.24666691
2016-10-04,14.09399986
2016-10-05,13.89733315
2016-10-06,13.39999962
2016-10-07,13.10733318
2016-10-10,13.39666653
2016-10-11,13.34000015
2016-10-12,13.43400002
2016-10-13,13.34933281
2016-10-14,13.100667
2016-10-17,12.93066692
2016-10-18,13.2733326
2016-10-19,13.57066727
2016-10-20,13.2733326
2016-10-21,13.33933258
2016-10-24,13.51733303
2016-10-25,13.48933315
2016-10-26,13.48266697
2016-10-27,13.600667
2016-10-28,13.33133316
2016-10-31,13.18200016
2016-11-01,12.7193327
2016-11-02,12.53466702
2016-11-03,12.49466705
2016-11-04,12.70400047
2016-11-07,12.88066673
2016-11-08,12.99600029
2016-11-09,12.67066669
2016-11-10,12.35666656
2016-11-11,12.57066727
2016-11-14,12.09666729
2016-11-15,12.25133324
2016-11-16,12.26200008
2016-11-17,12.57733345
2016-11-18,12.33466721
2016-11-21,12.30133343
2016-11-22,12.74466705
2016-11-23,12.8760004
2016-11-25,13.10999966
2016-11-28,13.07466698
2016-11-29,12.63799953
2016-11-30,12.62666702
2016-12-01,12.12533283
2016-12-02,12.09799957
2016-12-05,12.4533329
2016-12-06,12.39000034
2016-12-07,12.87666702
2016-12-08,12.81933308
2016-12-09,12.81200027
2016-12-12,12.82866669
2016-12-13,13.21000004
2016-12-14,13.24600029
2016-12-15,13.17199993
2016-12-16,13.49933338
2016-12-19,13.51533318
2016-12-20,13.91933346
2016-12-21,13.84666729
2016-12-22,13.89666653
2016-12-23,14.22266674
2016-12-27,14.63533306
2016-12-28,14.649333
2016-12-29,14.31200027
2016-12-30,14.24600029
2017-01-03,14.4659996
2017-01-04,15.13266659
2017-01-05,15.11666679
2017-01-06,15.26733303
2017-01-09,15.41866684
2017-01-10,15.32466698
2017-01-11,15.31533337
2017-01-12,15.30599976
2017-01-13,15.85000038
2017-01-17,15.70533276
2017-01-18,15.89066696
2017-01-19,16.25066757
2017-01-20,16.31533241
2017-01-23,16.59466743
2017-01-24,16.97400093
2017-01-25,16.96466637
2017-01-26,16.83399963
2017-01-27,16.86333275
2017-01-30,16.70866776
2017-01-31,16.79533386
2017-02-01,16.61599922
2017-02-02,16.77000046
2017-02-03,16.75533295
2017-02-06,17.18466759
2017-02-07,17.16533279
2017-02-08,17.47200012
2017-02-09,17.94666672
2017-02-10,17.94866753
2017-02-13,18.70666695
2017-02-14,18.73200035
2017-02-15,18.65066719
2017-02-16,17.93000031
2017-02-17,18.14866638
2017-02-21,18.49266624
2017-02-22,18.23399925
2017-02-23,17.06599998
2017-02-24,17.13333321
2017-02-27,16.41533279
2017-02-28,16.66600037
2017-03-01,16.66799927
2017-03-02,16.69866753
2017-03-03,16.77133369
2017-03-06,16.74733353
2017-03-07,16.57266617
2017-03-08,16.45800018
2017-03-09,16.32666779
2017-03-10,16.24600029
2017-03-13,16.41133308
2017-03-14,17.20000076
2017-03-15,17.04866791
2017-03-16,17.46999931
2017-03-17,17.43333244
2017-03-20,17.46133232
2017-03-21,16.71199989
2017-03-22,17.00066757
2017-03-23,16.98533249
2017-03-24,17.54400063
2017-03-27,18.01466751
2017-03-28,18.49666786
2017-03-29,18.49200058
2017-03-30,18.52799988
2017-03-31,18.55333328
2017-04-03,19.90133286
2017-04-04,20.24666786
2017-04-05,19.66666794
2017-04-06,19.91333389
2017-04-07,20.1693325
2017-04-10,20.82600021
2017-04-11,20.5806675
2017-04-12,19.78933334
2017-04-13,20.26666641
2017-04-17,20.09600067
2017-04-18,20.01666641
2017-04-19,20.36800003
2017-04-20,20.1673336
2017-04-21,20.37333298
2017-04-24,20.53533363
2017-04-25,20.9193325
2017-04-26,20.6779995
2017-04-27,20.57533264
2017-04-28,20.93799973
2017-05-01,21.52199936
2017-05-02,21.25933266
2017-05-03,20.73466682
2017-05-04,19.69733238
2017-05-05,20.55666733
2017-05-08,20.47933388
2017-05-09,21.4173336
2017-05-10,21.68133354
2017-05-11,21.54000092
2017-05-12,21.65399933
2017-05-15,21.05866623
2017-05-16,21.13400078
2017-05-17,20.40733337
2017-05-18,20.8706665
2017-05-19,20.72200012
2017-05-22,20.69000053
2017-05-23,20.25733376
2017-05-24,20.68133354
2017-05-25,21.12199974
2017-05-26,21.6760006
2017-05-30,22.34000015
2017-05-31,22.73399925
2017-06-01,22.69133377
2017-06-02,22.65666771
2017-06-05,23.1546669
2017-06-06,23.5233326
2017-06-07,23.9766674
2017-06-08,24.66666794
2017-06-09,23.82133293
2017-06-12,23.93400002
2017-06-13,25.06333351
2017-06-14,25.37733269
2017-06-15,25.02266693
2017-06-16,24.76000023
2017-06-19,24.65333366
2017-06-20,24.81599998
2017-06-21,25.09333229
2017-06-22,25.50733376
2017-06-23,25.56333351
2017-06-26,25.16600037
2017-06-27,24.15800095
2017-06-28,24.74933243
2017-06-29,24.04999924
2017-06-30,24.10733223
2017-07-03,23.50799942
2017-07-05,21.80599976
2017-07-06,20.58866692
2017-07-07,20.8813324
2017-07-10,21.06999969
2017-07-11,21.81466675
2017-07-12,21.96800041
2017-07-13,21.56066704
2017-07-14,21.85199928
2017-07-17,21.30466652
2017-07-18,21.88266754
2017-07-19,21.68400002
2017-07-20,21.99466705
2017-07-21,21.89333344
2017-07-24,22.83466721
2017-07-25,22.63999939
2017-07-26,22.92333221
2017-07-27,22.29733276
2017-07-28,22.33799934
2017-07-31,21.56466675
2017-08-01,21.30466652
2017-08-02,21.72599983
2017-08-03,23.13933372
2017-08-04,23.79400063
2017-08-07,23.6779995
2017-08-08,24.34799957
2017-08-09,24.23533249
2017-08-10,23.69333267
2017-08-11,23.8579998
2017-08-14,24.25333214
2017-08-15,24.15533257
2017-08-16,24.19400024
2017-08-17,23.46133232
2017-08-18,23.16399956
2017-08-21,22.52400017
2017-08-22,22.75666618
2017-08-23,23.51799965
2017-08-24,23.52866745
2017-08-25,23.2033329
2017-08-28,23.04400063
2017-08-29,23.15733337
2017-08-30,23.54533386
2017-08-31,23.7266674
2017-09-01,23.69333267
2017-09-05,23.30599976
2017-09-06,22.96866608
2017-09-07,23.37400055
2017-09-08,22.89333344
2017-09-11,24.24600029
2017-09-12,24.18333244
2017-09-13,24.41533279
2017-09-14,25.1760006
2017-09-15,25.32066727
2017-09-18,25.66666794
2017-09-19,25.00666618
2017-09-20,24.92733383
2017-09-21,24.43199921
2017-09-22,23.40600014
2017-09-25,22.99933243
2017-09-26,23.01666641
2017-09-27,22.73133278
2017-09-28,22.63999939
2017-09-29,22.73999977
2017-10-02,22.76866722
2017-10-03,23.20933342
2017-10-04,23.6673336
2017-10-05,23.6886673
2017-10-06,23.79199982
2017-10-09,22.86266708
2017-10-10,23.70599937
2017-10-11,23.63999939
2017-10-12,23.71199989
2017-10-13,23.70466614
2017-10-16,23.37333298
2017-10-17,23.71666718
2017-10-18,23.9766674
2017-10-19,23.45400047
2017-10-20,23.00666618
2017-10-23,22.46800041
2017-10-24,22.4893322
2017-10-25,21.72266769
2017-10-26,21.74466705
2017-10-27,21.39133263
2017-10-30,21.33866692
2017-10-31,22.10199928
2017-11-01,21.40533257
2017-11-02,19.95066643
2017-11-03,20.40600014
2017-11-06,20.18533325
2017-11-07,20.40333366
2017-11-08,20.29266739
2017-11-09,20.19933319
2017-11-10,20.19933319
2017-11-13,21.02666664
2017-11-14,20.57999992
2017-11-15,20.75333214
2017-11-16,20.83333206
2017-11-17,21.00333214
2017-11-20,20.5826664
2017-11-21,21.18733215
2017-11-22,20.84000015
2017-11-24,21.03666687
2017-11-27,21.1206665
2017-11-28,21.17000008
2017-11-29,20.50266647
2017-11-30,20.59000015
2017-12-01,20.43533325
2017-12-04,20.34666634
2017-12-05,20.24666786
2017-12-06,20.88400078
2017-12-07,20.74933243
2017-12-08,21.00866699
2017-12-11,21.92733383
2017-12-12,22.73533249
2017-12-13,22.60199928
2017-12-14,22.52599907
2017-12-15,22.89666748
2017-12-18,22.59133339
2017-12-19,22.07333374
2017-12-20,21.93199921
2017-12-21,22.11066628
2017-12-22,21.68000031
2017-12-26,21.15266609
2017-12-27,20.77599907
2017-12-28,21.02400017
2017-12-29,20.75666618
2018-01-02,21.3686676
2018-01-03,21.14999962
2018-01-04,20.9746666
2018-01-05,21.10533333
2018-01-08,22.42733383
2018-01-09,22.24600029
2018-01-10,22.31999969
2018-01-11,22.53000069
2018-01-12,22.41466713
2018-01-16,22.67066765
2018-01-17,23.1439991
2018-01-18,22.97133255
2018-01-19,23.33466721
2018-01-22,23.43733215
2018-01-23,23.51933289
2018-01-24,23.0593338
2018-01-25,22.50933266
2018-01-26,22.85666656
2018-01-29,23.30200005
2018-01-30,23.05466652
2018-01-31,23.6206665
2018-02-01,23.28333282
2018-02-02,22.91666794
2018-02-05,22.20866776
2018-02-06,22.26466751
2018-02-07,23
2018-02-08,21.01533318
2018-02-09,20.69466782
2018-02-12,21.04866791
2018-02-13,21.57733345
2018-02-14,21.4873333
2018-02-15,22.27133369
2018-02-16,22.36599922
2018-02-20,22.31800079
2018-02-21,22.21999931
2018-02-22,23.07799911
2018-02-23,23.46999931
2018-02-26,23.82799911
2018-02-27,23.39933205
2018-02-28,22.8706665
2018-03-01,22.06200027
2018-03-02,22.34133339
2018-03-05,22.22333336
2018-03-06,21.87999916
2018-03-07,22.15333366
2018-03-08,21.94000053
2018-03-09,21.8113327
2018-03-12,23.0340004
2018-03-13,22.78933334
2018-03-14,21.7753334
2018-03-15,21.70666695
2018-03-16,21.42333221
2018-03-19,20.90399933
2018-03-20,20.7033329
2018-03-21,21.10199928
2018-03-22,20.60666656
2018-03-23,20.10266685
2018-03-26,20.27866745
2018-03-27,18.61199951
2018-03-28,17.18533325
2018-03-29,17.74200058
2018-04-02,16.83200073
2018-04-03,17.83533287
2018-04-04,19.1293335
2018-04-05,20.3813324
2018-04-06,19.9533329
2018-04-09,19.31066704
2018-04-10,20.31333351
2018-04-11,20.06200027
2018-04-12,19.60533333
2018-04-13,20.02266693
2018-04-16,19.41399956
2018-04-17,19.17933273
2018-04-18,19.55666733
2018-04-19,20.00533295
2018-04-20,19.34933281
2018-04-23,18.89133263
2018-04-24,18.89733315
2018-04-25,18.71266747
2018-04-26,19.03199959
2018-04-27,19.60533333
2018-04-30,19.59333229
2018-05-01,19.99466705
2018-05-02,20.07666779
2018-05-03,18.96333313
2018-05-04,19.6060009
2018-05-07,20.18466759
2018-05-08,20.1313324
2018-05-09,20.45666695
2018-05-10,20.33466721
2018-05-11,20.07066727
2018-05-14,19.46466637
2018-05-15,18.94533348
2018-05-16,19.09866714
2018-05-17,18.96933365
2018-05-18,18.45466614
2018-05-21,18.9659996
2018-05-22,18.33399963
2018-05-23,18.60466766
2018-05-24,18.5233326
2018-05-25,18.59000015
2018-05-29,18.9173336
2018-05-30,19.44799995
2018-05-31,18.98200035
2018-06-01,19.45466614
2018-06-04,19.78266716
2018-06-05,19.40866661
2018-06-06,21.29999924
2018-06-07,21.07266617
2018-06-08,21.17733383
2018-06-11,22.13999939
2018-06-12,22.85133362
2018-06-13,22.98533249
2018-06-14,23.84799957
2018-06-15,23.87800026
2018-06-18,24.72200012
2018-06-19,23.50333214
2018-06-20,24.14800072
2018-06-21,23.1673336
2018-06-22,22.24200058
2018-06-25,22.20066643
2018-06-26,22.79999924
2018-06-27,22.96666718
2018-06-28,23.32866669
2018-06-29,22.86333275
2018-07-02,22.33799934
2018-07-03,20.72400093
2018-07-05,20.61066628
2018-07-06,20.59333229
2018-07-09,21.23399925
2018-07-10,21.49799919
2018-07-11,21.26399994
2018-07-12,21.11400032
2018-07-13,21.25799942
2018-07-16,20.67333221
2018-07-17,21.5126667
2018-07-18,21.59000015
2018-07-19,21.34866714
2018-07-20,20.90533257
2018-07-23,20.21333313
2018-07-24,19.82866669
2018-07-25,20.5826664
2018-07-26,20.44333267
2018-07-27,19.81200027
2018-07-30,19.34466743
2018-07-31,19.87599945
2018-08-01,20.05599976
2018-08-02,23.30266762
2018-08-03,23.21133232
2018-08-06,22.79933357
2018-08-07,25.30466652
2018-08-08,24.68933296
2018-08-09,23.49666786
2018-08-10,23.69933319
2018-08-13,23.7606678
2018-08-14,23.1760006
2018-08-15,22.57933235
2018-08-16,22.36333275
2018-08-17,20.36666679
2018-08-20,20.56266785
2018-08-21,21.45999908
2018-08-22,21.44266701
2018-08-23,21.34000015
2018-08-24,21.52133369
2018-08-27,21.28466606
2018-08-28,20.79066658
2018-08-29,20.33399963
2018-08-30,20.20999908
2018-08-31,20.11066628
2018-09-04,19.26333237
2018-09-05,18.7159996
2018-09-06,18.72999954
2018-09-07,17.54933357
2018-09-10,19.03333282
2018-09-11,18.6293335
2018-09-12,19.36933327
2018-09-13,19.29733276
2018-09-14,19.68000031
2018-09-17,19.65600014
2018-09-18,18.99733353
2018-09-19,19.93466759
2018-09-20,19.88866615
2018-09-21,19.94000053
2018-09-24,19.97866631
2018-09-25,20.06599998
2018-09-26,20.63866615
2018-09-27,20.50133324
2018-09-28,17.65133286
2018-10-01,20.71333313
2018-10-02,20.06800079
2018-10-03,19.65333366
2018-10-04,18.78866768
2018-10-05,17.46333313
2018-10-08,16.70400047
2018-10-09,17.52000046
2018-10-10,17.12533379
2018-10-11,16.81533241
2018-10-12,17.25200081
2018-10-15,17.30599976
2018-10-16,18.43933296
2018-10-17,18.1186676
2018-10-18,17.59399986
2018-10-19,17.33333206
2018-10-22,17.39666748
2018-10-23,19.60933304
2018-10-24,19.23333359
2018-10-25,20.99066734
2018-10-26,22.05999947
2018-10-29,22.32333374
2018-10-30,21.99333382
2018-10-31,22.48800087
2018-11-01,22.95199966
2018-11-02,23.09399986
2018-11-05,22.76000023
2018-11-06,22.7373333
2018-11-07,23.21066666
2018-11-08,23.42666626
2018-11-09,23.36733246
2018-11-12,22.08533287
2018-11-13,22.58200073
2018-11-14,22.93333244
2018-11-15,23.22933388
2018-11-16,23.6206665
2018-11-19,23.56466675
2018-11-20,23.16600037
2018-11-21,22.54599953
2018-11-23,21.72200012
2018-11-26,23.06666756
2018-11-27,22.9279995
2018-11-28,23.19133377
2018-11-29,22.74466705
2018-11-30,23.36533356
2018-12-03,23.89933205
2018-12-04,23.97999954
2018-12-06,24.20400047
2018-12-07,23.86466789
2018-12-10,24.34333229
2018-12-11,24.45066643
2018-12-12,24.44000053
2018-12-13,25.11933327
2018-12-14,24.38066673
2018-12-17,23.22800064
2018-12-18,22.46866608
2018-12-19,22.19799995
2018-12-20,21.0253334
2018-12-21,21.31800079
2018-12-24,19.69266701
2018-12-26,21.7393322
2018-12-27,21.07533264
2018-12-28,22.25799942
2018-12-31,22.18666649
2019-01-02,20.67466736
2019-01-03,20.02400017
2019-01-04,21.17933273
2019-01-07,22.3306675
2019-01-08,22.35666656
2019-01-09,22.56866646
2019-01-10,22.99799919
2019-01-11,23.15066719
2019-01-14,22.29333305
2019-01-15,22.96199989
2019-01-16,23.06999969
2019-01-17,23.15399933
2019-01-18,20.15066719
2019-01-22,19.9279995
2019-01-23,19.17266655
2019-01-24,19.43400002
2019-01-25,19.80266762
2019-01-28,19.75866699
2019-01-29,19.8306675
2019-01-30,20.58466721
2019-01-31,20.46800041
2019-02-01,20.81399918
2019-02-04,20.85933304
2019-02-05,21.42333221
2019-02-06,21.14800072
2019-02-07,20.50066757
2019-02-08,20.38666725
2019-02-11,20.8560009
2019-02-12,20.78733253
2019-02-13,20.54466629
2019-02-14,20.25133324
2019-02-15,20.5253334
2019-02-19,20.37599945
2019-02-20,20.17066765
2019-02-21,19.41533279
2019-02-22,19.64733315
2019-02-25,19.91799927
2019-02-26,19.85733223
2019-02-27,20.98266792
2019-02-28,21.32533264
2019-03-01,19.65266609
2019-03-04,19.02400017
2019-03-05,18.43600082
2019-03-06,18.41600037
2019-03-07,18.43933296
2019-03-08,18.94266701
2019-03-11,19.39466667
2019-03-12,18.89066696
2019-03-13,19.26399994
2019-03-14,19.3306675
2019-03-15,18.36199951
2019-03-18,17.9659996
2019-03-19,17.83133316
2019-03-20,18.23999977
2019-03-21,18.26799965
2019-03-22,17.63533211
2019-03-25,17.36133385
2019-03-26,17.85133362
2019-03-27,18.3220005
2019-03-28,18.57466698
2019-03-29,18.65733337
2019-04-01,19.27866745
2019-04-02,19.05866623
2019-04-03,19.45400047
2019-04-04,17.85199928
2019-04-05,18.3306675
2019-04-08,18.21333313
2019-04-09,18.15399933
2019-04-10,18.40399933
2019-04-11,17.89466667
2019-04-12,17.84666634
2019-04-15,17.75866699
2019-04-16,18.22400093
2019-04-17,18.08200073
2019-04-18,18.21733284
2019-04-22,17.51666641
2019-04-23,17.59333229
2019-04-24,17.24399948
2019-04-25,16.50866699
2019-04-26,15.67599964
2019-04-29,16.09799957
2019-04-30,15.91266727
2019-05-01,15.600667
2019-05-02,16.2733326
2019-05-03,17.00200081
2019-05-06,17.02266693
2019-05-07,16.47066689
2019-05-08,16.32266617
2019-05-09,16.13199997
2019-05-10,15.96800041
2019-05-13,15.13399982
2019-05-14,15.4873333
2019-05-15,15.46333313
2019-05-16,15.22200012
2019-05-17,14.06866741
2019-05-20,13.69066715
2019-05-21,13.67199993
2019-05-22,12.84866714
2019-05-23,13.03266716
2019-05-24,12.7086668
2019-05-28,12.57999992
2019-05-29,12.65733337
2019-05-30,12.54800034
2019-05-31,12.34399986
2019-06-03,11.93133259
2019-06-04,12.90666676
2019-06-05,13.10599995
2019-06-06,13.72999954
2019-06-07,13.63333321
2019-06-10,14.19200039
2019-06-11,14.47333336
2019-06-12,13.95066738
2019-06-13,14.26066685
2019-06-14,14.32800007
2019-06-17,15.00199986
2019-06-18,14.98266697
2019-06-19,15.0953331
2019-06-20,14.64133263
2019-06-21,14.79066658
2019-06-24,14.90933323
2019-06-25,14.65066719
2019-06-26,14.61800003
2019-06-27,14.85599995
2019-06-28,14.89733315
2019-07-01,15.14466667
2019-07-02,14.97000027
2019-07-03,15.65999985
2019-07-05,15.53999996
2019-07-08,15.35599995
2019-07-09,15.33733273
2019-07-10,15.92800045
2019-07-11,15.90666676
2019-07-12,16.33866692
2019-07-15,16.89999962
2019-07-16,16.82533264
2019-07-17,16.99066734
2019-07-18,16.90266609
2019-07-19,17.21199989
2019-07-22,17.04533386
2019-07-23,17.34466743
2019-07-24,17.65866661
2019-07-25,15.25466728
2019-07-26,15.20266724
2019-07-29,15.71800041
2019-07-30,16.15066719
2019-07-31,16.10733223
2019-08-01,15.59000015
2019-08-02,15.62266731
2019-08-05,15.22133255
2019-08-06,15.38333321
2019-08-07,15.5613327
2019-08-08,15.88666725
2019-08-09,15.66733265
2019-08-12,15.26733303
2019-08-13,15.66666698
2019-08-14,14.64133263
2019-08-15,14.3760004
2019-08-16,14.66266727
2019-08-19,15.12199974
2019-08-20,15.05733299
2019-08-21,14.72200012
2019-08-22,14.81000042
2019-08-23,14.09333324
2019-08-26,14.33333302
2019-08-27,14.27200031
2019-08-28,14.37266731
2019-08-29,14.7806673
2019-08-30,15.04066658
2019-09-03,15.00066662
2019-09-04,14.71199989
2019-09-05,15.30533314
2019-09-06,15.16333294
2019-09-09,15.45266724
2019-09-10,15.70266724
2019-09-11,16.47333336
2019-09-12,16.39133263
2019-09-13,16.34666634
2019-09-16,16.18733215
2019-09-17,16.31933212
2019-09-18,16.23266792
2019-09-19,16.44000053
2019-09-20,16.04133224
2019-09-23,16.08200073
2019-09-24,14.88066673
2019-09-25,15.24666691
2019-09-26,16.17066765
2019-09-27,16.1420002
2019-09-30,16.05800056
2019-10-01,16.31266785
2019-10-02,16.20866776
2019-10-03,15.53533268
2019-10-04,15.42866707
2019-10-07,15.84799957
2019-10-08,16.00333214
2019-10-09,16.30200005
2019-10-10,16.31599998
2019-10-11,16.52599907
2019-10-14,17.13066673
2019-10-15,17.19266701
2019-10-16,17.31666756
2019-10-17,17.46466637
2019-10-18,17.12999916
2019-10-21,16.89999962
2019-10-22,17.03866768
2019-10-23,16.97866631
2019-10-24,19.97866631
2019-10-25,21.87533379
2019-10-28,21.84733391
2019-10-29,21.08133316
2019-10-30,21.00066757
2019-10-31,20.99466705
2019-11-01,20.88733292
2019-11-04,21.16466713
2019-11-05,21.14800072
2019-11-06,21.77199936
2019-11-07,22.36933327
2019-11-08,22.47599983
2019-11-11,23.00600052
2019-11-12,23.32866669
2019-11-13,23.0739994
2019-11-14,23.29000092
2019-11-15,23.47800064
2019-11-18,23.3326664
2019-11-19,23.96800041
2019-11-20,23.48133278
2019-11-21,23.65533257
2019-11-22,22.20266724
2019-11-25,22.42266655
2019-11-26,21.9279995
2019-11-27,22.08600044
2019-11-29,21.99600029
2019-12-02,22.32466698
2019-12-03,22.41333389
2019-12-04,22.20199966
2019-12-05,22.02466774
2019-12-06,22.39266777
2019-12-09,22.63533211
2019-12-10,23.25600052
2019-12-11,23.51333237
2019-12-12,23.97866631
2019-12-13,23.89266777
2019-12-16,25.43333244
2019-12-17,25.26600075
2019-12-18,26.20999908
2019-12-19,26.93600082
2019-12-20,27.03933334
2019-12-23,27.94799995
2019-12-24,28.35000038
2019-12-26,28.72933388
2019-12-27,28.69199944
2019-12-30,27.64666748
2019-12-31,27.88866615
2020-01-02,28.68400002
2020-01-03,29.5340004
2020-01-06,30.10266685
2020-01-07,31.27066612
2020-01-08,32.8093338
2020-01-09,32.08933258
2020-01-10,31.87666702
2020-01-13,34.99066544
2020-01-14,35.86133194
2020-01-15,34.56666565
2020-01-16,34.23266602
2020-01-17,34.03333282
2020-01-21,36.47999954
2020-01-22,37.97066879
2020-01-23,38.14666748
2020-01-24,37.6546669
2020-01-27,37.20133209
2020-01-28,37.79333115
2020-01-29,38.73266602
2020-01-30,42.72066879
2020-01-31,43.37133408
2020-02-03,52
2020-02-04,59.13733292
2020-02-05,48.97999954
2020-02-06,49.93066788
2020-02-07,49.87133408
2020-02-10,51.41866684
2020-02-11,51.62533188
2020-02-12,51.152668
2020-02-13,53.59999847
2020-02-14,53.33533478
2020-02-18,57.2266655
2020-02-19,61.16133118
2020-02-20,59.96066666
2020-02-21,60.06666565
2020-02-24,55.58599854
2020-02-25,53.32733154
2020-02-26,51.91999817
2020-02-27,45.26666641
2020-02-28,44.53266525
2020-03-02,49.57466888
2020-03-03,49.70066833
2020-03-04,49.96666718
2020-03-05,48.30266571
2020-03-06,46.89866638
2020-03-09,40.53333282
2020-03-10,43.02199936
2020-03-11,42.2820015
2020-03-12,37.36999893
2020-03-13,36.44133377
2020-03-16,29.67133331
2020-03-17,28.68000031
2020-03-18,24.08133316
2020-03-19,28.50933266
2020-03-20,28.50200081
2020-03-23,28.95266724
2020-03-24,33.66666794
2020-03-25,35.95000076
2020-03-26,35.21066666
2020-03-27,34.29066849
2020-03-30,33.47533417
2020-03-31,34.93333435
2020-04-01,32.10400009
2020-04-02,30.29800034
2020-04-03,32.00066757
2020-04-06,34.41600037
2020-04-07,36.36333466
2020-04-08,36.58933258
2020-04-09,38.20000076
2020-04-13,43.39666748
2020-04-14,47.32600021
2020-04-15,48.65533447
2020-04-16,49.68066788
2020-04-17,50.25933456
2020-04-20,49.75733185
2020-04-21,45.78133392
2020-04-22,48.8073349
2020-04-23,47.04199982
2020-04-24,48.3433342
2020-04-27,53.25
2020-04-28,51.27466583
2020-04-29,53.36733246
2020-04-30,52.12533188
2020-05-01,46.75466537
2020-05-04,50.74599838
2020-05-05,51.2140007
2020-05-06,52.17200089
2020-05-07,52.00266647
2020-05-08,54.62799835
2020-05-11,54.08599854
2020-05-12,53.96066666
2020-05-13,52.73066711
2020-05-14,53.55533218
2020-05-15,53.27799988
2020-05-18,54.24200058
2020-05-19,53.86733246
2020-05-20,54.3706665
2020-05-21,55.17333221
2020-05-22,54.45866776
2020-05-26,54.59133148
2020-05-27,54.68199921
2020-05-28,53.72066879
2020-05-29,55.66666794
2020-06-01,59.87333298
2020-06-02,58.77066803
2020-06-03,58.86399841
2020-06-04,57.62533188
2020-06-05,59.04399872
2020-06-08,63.32799911
2020-06-09,62.71133423
2020-06-10,68.33666992
2020-06-11,64.85600281
2020-06-12,62.35200119
2020-06-15,66.05999756
2020-06-16,65.47533417
2020-06-17,66.11933136
2020-06-18,66.93066406
2020-06-19,66.72666931
2020-06-22,66.28800201
2020-06-23,66.78533173
2020-06-24,64.05666351
2020-06-25,65.73200226
2020-06-26,63.98266602
2020-06-29,67.29000092
2020-06-30,71.98733521
2020-07-01,74.64199829
2020-07-02,80.57733154
2020-07-06,91.4386673
2020-07-07,92.65733337
2020-07-08,91.05867004
2020-07-09,92.95200348
2020-07-10,102.9766693
2020-07-13,99.80400085
2020-07-14,101.1200027
2020-07-15,103.0673294
2020-07-16,100.0426636
2020-07-17,100.0559998
2020-07-20,109.5333328
2020-07-21,104.5573349
2020-07-22,106.1553345
2020-07-23,100.8713303
2020-07-24,94.46666718
2020-07-27,102.6399994
2020-07-28,98.43267059
2020-07-29,99.9406662
2020-07-30,99.16600037
2020-07-31,95.38400269
2020-08-03,99
2020-08-04,99.1333313
2020-08-05,99.00133514
2020-08-06,99.305336
2020-08-07,96.84733582
2020-08-10,94.57133484
2020-08-11,91.62599945
2020-08-12,103.6506653
2020-08-13,108.0666656
2020-08-14,110.0473328
2020-08-17,122.3759995
2020-08-18,125.8059998
2020-08-19,125.2353363
2020-08-20,133.4553375
2020-08-21,136.665329
2020-08-24,134.2799988
2020-08-25,134.889328
2020-08-26,143.5446625
2020-08-27,149.25
2020-08-28,147.5599976
2020-08-31,166.1066742
2020-09-01,158.3500061
2020-09-02,149.1233368
2020-09-03,135.6666718
2020-09-04,139.4400024
2020-09-08,110.0699997
2020-09-09,122.0933304
2020-09-10,123.7799988
2020-09-11,124.2399979
2020-09-14,139.8733368
2020-09-15,149.9199982
2020-09-16,147.2533264
2020-09-17,141.1433258
2020-09-18,147.3833313
2020-09-21,149.7966614
2020-09-22,141.4100037
2020-09-23,126.7866669
2020-09-24,129.2633362
2020-09-25,135.7799988
2020-09-28,140.3999939
2020-09-29,139.6900024
2020-09-30,143.0033264
2020-10-01,149.386673
2020-10-02,138.363327
2020-10-05,141.8933258
2020-10-06,137.9933319
2020-10-07,141.7666626
2020-10-08,141.9733276
2020-10-09,144.6666718
2020-10-12,147.4333344
2020-10-13,148.8833313
2020-10-14,153.7666626
2020-10-15,149.6266632
2020-10-16,146.5566711
2020-10-19,143.6100006
2020-10-20,140.6466675
2020-10-21,140.8800049
2020-10-22,141.9299927
2020-10-23,140.2100067
2020-10-26,140.093338
2020-10-27,141.5599976
2020-10-28,135.3399963
2020-10-29,136.9433289
2020-10-30,129.3466644
2020-11-02,133.5033264
2020-11-03,141.3000031
2020-11-04,140.3266602
2020-11-05,146.0299988
2020-11-06,143.3166656
2020-11-09,140.4199982
2020-11-10,136.7866669
2020-11-11,139.043335
2020-11-12,137.2533264
2020-11-13,136.1666718
2020-11-16,136.0299988
2020-11-17,147.2033386
2020-11-18,162.2133331
2020-11-19,166.4233398
2020-11-20,163.2033386
2020-11-23,173.9499969
2020-11-24,185.1266632
2020-11-25,191.3333282
2020-11-27,195.2533264
2020-11-30,189.1999969
2020-12-01,194.9199982
2020-12-02,189.6066742
2020-12-03,197.793335
2020-12-04,199.6799927
2020-12-07,213.9199982
2020-12-08,216.6266632
2020-12-09,201.4933319
2020-12-10,209.0233307
2020-12-11,203.3300018
2020-12-14,213.2766724
2020-12-15,211.0833282
2020-12-16,207.5899963
2020-12-17,218.6333313
2020-12-18,231.6666718
2020-12-21,216.6199951
2020-12-22,213.4466705
2020-12-23,215.3266602
2020-12-24,220.5899963
2020-12-28,221.2299957
2020-12-29,221.9966736
2020-12-30,231.593338
2020-12-31,235.2233276
2021-01-04,243.2566681
2021-01-05,245.0366669
2021-01-06,251.9933319
2021-01-07,272.0133362
2021-01-08,293.3399963
2021-01-11,270.3966675
2021-01-12,283.1466675
2021-01-13,284.8033447
2021-01-14,281.6666565
2021-01-15,275.3866577
2021-01-19,281.5166626
2021-01-20,283.4833374
2021-01-21,281.6633301
2021-01-22,282.2133179
2021-01-25,293.6000061
2021-01-26,294.3633423
2021-01-27,288.0533447
2021-01-28,278.4766541
2021-01-29,264.5100098
2021-02-01,279.936676
2021-02-02,290.9299927
2021-02-03,284.8966675
2021-02-04,283.3299866
2021-02-05,284.0766602
2021-02-08,287.8066711
2021-02-09,283.1533203
2021-02-10,268.2733459
2021-02-11,270.5533447
2021-02-12,272.0400085
2021-02-16,265.4066772
2021-02-17,266.0499878
2021-02-18,262.4599915
2021-02-19,260.4333191
2021-02-22,238.1666718
2021-02-23,232.9466705
2021-02-24,247.3399963
2021-02-25,227.406662
2021-02-26,225.1666718
2021-03-01,239.4766693
2021-03-02,228.8133392
2021-03-03,217.7333374
2021-03-04,207.1466675
2021-03-05,199.3166656
2021-03-08,187.6666718
2021-03-09,224.5266724
2021-03-10,222.6866608
2021-03-11,233.1999969
2021-03-12,231.2433319
2021-03-15,235.9799957
2021-03-16,225.6266632
2021-03-17,233.9366608
2021-03-18,217.7200012
2021-03-19,218.2899933
2021-03-22,223.3333282
2021-03-23,220.7200012
2021-03-24,210.0899963
2021-03-25,213.4633331
2021-03-26,206.2366638
2021-03-29,203.7633362
2021-03-30,211.8733368
2021-03-31,222.6433258
2021-04-01,220.5833282
2021-04-05,230.3500061
2021-04-06,230.5399933
2021-04-07,223.656662
2021-04-08,227.9333344
2021-04-09,225.6733398
2021-04-12,233.9933319
2021-04-13,254.1066742
2021-04-14,244.0766602
2021-04-15,246.2833405
2021-04-16,246.593338
2021-04-19,238.2100067
2021-04-20,239.6633301
2021-04-21,248.0399933
2021-04-22,239.8966675
2021-04-23,243.1333313
2021-04-26,246.0666656
2021-04-27,234.9133301
2021-04-28,231.4666595
2021-04-29,225.6666718
2021-04-30,236.4799957
2021-05-03,228.3000031
2021-05-04,224.5333405
2021-05-05,223.6466675
2021-05-06,221.1799927
2021-05-07,224.1233368
2021-05-10,209.6799927
2021-05-11,205.7333374
2021-05-12,196.6300049
2021-05-13,190.5633392
2021-05-14,196.5800018
2021-05-17,192.2766724
2021-05-18,192.6233368
2021-05-19,187.8200073
2021-05-20,195.593338
2021-05-21,193.6266632
2021-05-24,202.1466675
2021-05-25,201.5633392
2021-05-26,206.3766632
2021-05-27,210.2833405
2021-05-28,208.406662
2021-06-01,207.9666595
2021-06-02,201.706665
2021-06-03,190.9466705
2021-06-04,199.6833344
2021-06-07,201.7100067
2021-06-08,201.1966705
2021-06-09,199.593338
2021-06-10,203.3733368
2021-06-11,203.2966614
2021-06-14,205.8966675
2021-06-15,199.7866669
2021-06-16,201.6233368
2021-06-17,205.5333405
2021-06-18,207.7700043
2021-06-21,206.9433289
2021-06-22,207.9033356
2021-06-23,218.8566742
2021-06-24,226.6066742
2021-06-25,223.956665
2021-06-28,229.5733337
2021-06-29,226.9199982
2021-06-30,226.5666656
2021-07-01,225.9733276
2021-07-02,226.3000031
2021-07-06,219.8600006
2021-07-07,214.8833313
2021-07-08,217.6033325
2021-07-09,218.9833374
2021-07-12,228.5666656
2021-07-13,222.8466644
2021-07-14,217.793335
2021-07-15,216.8666687
2021-07-16,214.7400055
2021-07-19,215.406662
2021-07-20,220.1666718
2021-07-21,218.4299927
2021-07-22,216.4199982
2021-07-23,214.4600067
2021-07-26,219.206665
2021-07-27,214.9266663
2021-07-28,215.6600037
2021-07-29,225.7833405
2021-07-30,229.0666656
2021-08-02,236.5566711
2021-08-03,236.5800018
2021-08-04,236.9733276
2021-08-05,238.2100067
2021-08-06,233.0333405
2021-08-09,237.9199982
2021-08-10,236.6633301
2021-08-11,235.9400024
2021-08-12,240.75
2021-08-13,239.0566711
2021-08-16,228.7233276
2021-08-17,221.9033356
2021-08-18,229.6633301
2021-08-19,224.4900055
2021-08-20,226.7533264
2021-08-23,235.4333344
2021-08-24,236.1633301
2021-08-25,237.0666656
2021-08-26,233.7200012
2021-08-27,237.3066711
2021-08-30,243.636673
2021-08-31,245.2400055
2021-09-01,244.6966705
2021-09-02,244.1300049
2021-09-03,244.5233307
2021-09-07,250.9733276
2021-09-08,251.2899933
2021-09-09,251.6199951
2021-09-10,245.4233398
2021-09-13,247.6666718
2021-09-14,248.1633301
2021-09-15,251.9433289
2021-09-16,252.3300018
2021-09-17,253.1633301
2021-09-20,243.3899994
2021-09-21,246.4600067
2021-09-22,250.6466675
2021-09-23,251.2133331
2021-09-24,258.1300049
2021-09-27,263.7866821
2021-09-28,259.186676
2021-09-29,260.436676
2021-09-30,258.4933472
2021-10-01,258.4066772
2021-10-04,260.5100098
2021-10-05,260.1966553
2021-10-06,260.9166565
2021-10-07,264.5366821
2021-10-08,261.8299866
2021-10-11,263.980011
2021-10-12,268.5733337
2021-10-13,270.3599854
2021-10-14,272.7733459
2021-10-15,281.0100098
2021-10-18,290.0366821
2021-10-19,288.0899963
2021-10-20,288.6000061
2021-10-21,298
2021-10-22,303.2266541
2021-10-25,341.6199951
2021-10-26,339.4766541
2021-10-27,345.9533386
2021-10-28,359.0133362
2021-10-29,371.3333435
2021-11-01,402.8633423
2021-11-02,390.6666565
2021-11-03,404.6199951
2021-11-04,409.9700012
2021-11-05,407.3633423
2021-11-08,387.6466675
2021-11-09,341.1666565
2021-11-10,355.9833374
2021-11-11,354.5033264
2021-11-12,344.4733276
2021-11-15,337.7966614
2021-11-16,351.5766602
2021-11-17,363.0033264
2021-11-18,365.4599915
2021-11-19,379.019989
2021-11-22,385.6233215
2021-11-23,369.6766663
2021-11-24,372
2021-11-26,360.6400146
2021-11-29,378.9966736
2021-11-30,381.5866699
2021-12-01,365
2021-12-02,361.5333252
2021-12-03,338.3233337
2021-12-06,336.3366699
2021-12-07,350.5833435
2021-12-08,356.3200073
2021-12-09,334.6000061
2021-12-10,339.0100098
2021-12-13,322.1366577
2021-12-14,319.5033264
2021-12-15,325.3299866
2021-12-16,308.9733276
2021-12-17,310.8566589
2021-12-20,299.980011
2021-12-21,312.8433228
2021-12-22,336.2900085
2021-12-23,355.6666565
2021-12-27,364.6466675
2021-12-28,362.8233337
2021-12-29,362.063324
2021-12-30,356.7799988
2021-12-31,352.2600098
2022-01-03,399.9266663
2022-01-04,383.1966553
2022-01-05,362.706665
2022-01-06,354.8999939
2022-01-07,342.3200073
2022-01-10,352.706665
2022-01-11,354.7999878
2022-01-12,368.7399902
2022-01-13,343.8533325
2022-01-14,349.8699951
2022-01-18,343.5033264
2022-01-19,331.8833313
2022-01-20,332.0899963
2022-01-21,314.6333313
2022-01-24,310
2022-01-25,306.1333313
2022-01-26,312.4700012
2022-01-27,276.3666687
2022-01-28,282.1166687
2022-01-31,312.2399902
2022-02-01,310.4166565
2022-02-02,301.8866577
2022-02-03,297.0466614
2022-02-04,307.7733459
2022-02-07,302.4466553
2022-02-08,307.3333435
2022-02-09,310.6666565
2022-02-10,301.5166626
2022-02-11,286.6666565
2022-02-14,291.9200134
2022-02-15,307.4766541
2022-02-16,307.7966614
2022-02-17,292.1166687
2022-02-18,285.6600037
2022-02-22,273.8433228
2022-02-23,254.6799927
2022-02-24,266.9233398
2022-02-25,269.956665
2022-02-28,290.1433411
2022-03-01,288.1233215
2022-03-02,293.2966614
2022-03-03,279.7633362
2022-03-04,279.4299927
2022-03-07,268.1933289
2022-03-08,274.7999878
2022-03-09,286.3233337
2022-03-10,279.4333191
2022-03-11,265.1166687
2022-03-14,255.456665
2022-03-15,267.2966614
2022-03-16,280.0766602
2022-03-17,290.5333252
2022-03-18,301.7966614
2022-03-21,307.0533447
2022-03-22,331.3266602
2022-03-23,333.0366821
2022-03-24,337.9733276
2022-03-25,336.8800049
2022-03-28,363.9466553
2022-03-29,366.5233459
2022-03-30,364.6633301
2022-03-31,359.2000122
2022-04-01,361.5299988
2022-04-04,381.8166809
2022-04-05,363.7533264
2022-04-06,348.5866699
2022-04-07,352.4200134
2022-04-08,341.8299866
2022-04-11,325.3099976
2022-04-12,328.9833374
2022-04-13,340.7900085
2022-04-14,328.3333435
2022-04-18,334.7633362
2022-04-19,342.7166748
2022-04-20,325.7333374
2022-04-21,336.2600098
2022-04-22,335.0166626
2022-04-25,332.6733398
2022-04-26,292.1400146
2022-04-27,293.8366699
2022-04-28,292.5033264
2022-04-29,290.2533264
2022-05-02,300.980011
2022-05-03,303.0833435
2022-05-04,317.5400085
2022-05-05,291.0933228
2022-05-06,288.5499878
2022-05-09,262.3699951
2022-05-10,266.6799927
2022-05-11,244.6666718
2022-05-12,242.6666718
2022-05-13,256.5299988
2022-05-16,241.456665
2022-05-17,253.8699951
2022-05-18,236.6033325
2022-05-19,236.4733276
2022-05-20,221.3000031
2022-05-23,224.9666595
2022-05-24,209.386673
2022-05-25,219.6000061
2022-05-26,235.9100037
2022-05-27,253.2100067
2022-05-31,252.7533264
2022-06-01,246.7899933
2022-06-02,258.3333435
2022-06-03,234.5166626
2022-06-06,238.2799988
2022-06-07,238.886673
2022-06-08,241.8666687
2022-06-09,239.706665
2022-06-10,232.2299957
2022-06-13,215.7366638
2022-06-14,220.8899994
2022-06-15,233
2022-06-16,213.1000061
2022-06-17,216.7599945
2022-06-21,237.0366669
2022-06-22,236.0866699
2022-06-23,235.0700073
2022-06-24,245.706665
2022-06-27,244.9199982
2022-06-28,232.6633301
2022-06-29,228.4900055
2022-06-30,224.4733276
2022-07-01,227.2633362
2022-07-05,233.0666656
2022-07-06,231.7333374
2022-07-07,244.543335
2022-07-08,250.7633362
2022-07-11,234.343338
2022-07-12,233.0700073
2022-07-13,237.0399933
2022-07-14,238.3133392
2022-07-15,240.0666656
2022-07-18,240.5466614
2022-07-19,245.5299988
2022-07-20,247.5
2022-07-21,271.706665
2022-07-22,272.2433472
2022-07-25,268.4333191
2022-07-26,258.8599854
2022-07-27,274.8200073
2022-07-28,280.8999939
2022-07-29,297.1499939
2022-08-01,297.2766724
2022-08-02,300.5866699
2022-08-03,307.3966675
2022-08-04,308.6333313
2022-08-05,288.1700134
2022-08-08,290.4233398
2022-08-09,283.3333435
2022-08-10,294.3566589
2022-08-11,286.6300049
2022-08-12,300.0299988
2022-08-15,309.3200073
2022-08-16,306.563324
2022-08-17,303.9966736
2022-08-18,302.8699951
2022-08-19,296.6666565
2022-08-22,289.9133301
2022-08-23,296.4533386
2022-08-24,297.0966797
2022-08-25,296.0700073
2022-08-26,288.0899963
2022-08-29,284.8200073
2022-08-30,277.7000122
2022-08-31,275.6099854
2022-09-01,277.1600037
2022-09-02,270.2099915
2022-09-06,274.4200134
2022-09-07,283.7000122
2022-09-08,289.2600098
2022-09-09,299.6799927
2022-09-12,304.4200134
2022-09-13,292.1300049
2022-09-14,302.6099854
2022-09-15,303.75
2022-09-16,303.3500061
2022-09-19,309.0700073
2022-09-20,308.730011
2022-09-21,300.7999878
2022-09-22,288.5899963
2022-09-23,275.3299866
2022-09-26,276.0100098
2022-09-27,282.9400024
2022-09-28,287.8099976
2022-09-29,268.2099915
2022-09-30,265.25
2022-10-03,242.3999939
2022-10-04,249.4400024
2022-10-05,240.8099976
2022-10-06,238.1300049
2022-10-07,223.0700073
2022-10-10,222.9600067
2022-10-11,216.5
2022-10-12,217.2400055
2022-10-13,221.7200012
2022-10-14,204.9900055
2022-10-17,219.3500061
2022-10-18,220.1900024
2022-10-19,222.0399933
2022-10-20,207.2799988
2022-10-21,214.4400024
2022-10-24,211.25
2022-10-25,222.4199982
2022-10-26,224.6399994
2022-10-27,225.0899963
2022-10-28,228.5200043
2022-10-31,227.5399933
2022-11-01,227.8200073
2022-11-02,214.9799957
2022-11-03,215.3099976
2022-11-04,207.4700012
2022-11-07,197.0800018
2022-11-08,191.3000031
2022-11-09,177.5899963
2022-11-10,190.7200012
2022-11-11,195.9700012
2022-11-14,190.9499969
2022-11-15,194.4199982
2022-11-16,186.9199982
2022-11-17,183.1699982
2022-11-18,180.1900024
2022-11-21,167.8699951
2022-11-22,169.9100037
2022-11-23,183.1999969
2022-11-25,182.8600006
2022-11-28,182.9199982
2022-11-29,180.8300018
2022-11-30,194.6999969
2022-12-01,194.6999969
2022-12-02,194.8600006
2022-12-05,182.4499969
2022-12-06,179.8200073
2022-12-07,174.0399933
2022-12-08,173.4400024
2022-12-09,179.0500031
2022-12-12,167.8200073
2022-12-13,160.9499969
2022-12-14,156.8000031
2022-12-15,157.6699982
2022-12-16,150.2299957
2022-12-19,149.8699951
2022-12-20,137.8000031
2022-12-21,137.5700073
2022-12-22,125.3499985
2022-12-23,123.1500015
2022-12-27,109.0999985
2022-12-28,112.7099991
2022-12-29,121.8199997
2022-12-30,123.1800003
2023-01-03,108.0999985
2023-01-04,113.6399994
2023-01-05,110.3399963
2023-01-06,113.0599976
2023-01-09,119.7699966
2023-01-10,118.8499985
2023-01-11,123.2200012
2023-01-12,123.5599976
2023-01-13,122.4000015
2023-01-17,131.4900055
2023-01-18,128.7799988
2023-01-19,127.1699982
2023-01-20,133.4199982
2023-01-23,143.75
2023-01-24,143.8899994
2023-01-25,144.4299927
2023-01-26,160.2700043
2023-01-27,177.8999939
2023-01-30,166.6600037
2023-01-31,173.2200012
2023-02-01,181.4100037
2023-02-02,188.2700043
2023-02-03,189.9799957
2023-02-06,194.7599945
2023-02-07,196.8099976
2023-02-08,201.2899933
2023-02-09,207.3200073
2023-02-10,196.8899994
2023-02-13,194.6399994
2023-02-14,209.25
2023-02-15,214.2400055
2023-02-16,202.0399933
2023-02-17,208.3099976
2023-02-21,197.3699951
2023-02-22,200.8600006
2023-02-23,202.0700073
2023-02-24,196.8800049
2023-02-27,207.6300049
2023-02-28,205.7100067
2023-03-01,202.7700043
2023-03-02,190.8999939
2023-03-03,197.7899933
2023-03-06,193.8099976
2023-03-07,187.7100067
2023-03-08,182
2023-03-09,172.9199982
2023-03-10,173.4400024
2023-03-13,174.4799957
2023-03-14,183.2599945
2023-03-15,180.4499969
2023-03-16,184.1300049
2023-03-17,180.1300049
2023-03-20,183.25
2023-03-21,197.5800018
2023-03-22,191.1499939
2023-03-23,192.2200012
2023-03-24,190.4100037
2023-03-27,191.8099976
2023-03-28,189.1900024
2023-03-29,193.8800049
2023-03-30,195.2799988
2023-03-31,207.4600067
2023-04-03,194.7700043
2023-04-04,192.5800018
2023-04-05,185.5200043
2023-04-06,185.0599976
2023-04-10,184.5099945
2023-04-11,186.7899933
2023-04-12,180.5399933
2023-04-13,185.8999939
2023-04-14,185
2023-04-17,187.0399933
2023-04-18,184.3099976
2023-04-19,180.5899963
2023-04-20,162.9900055
2023-04-21,165.0800018
2023-04-24,162.5500031
2023-04-25,160.6699982
2023-04-26,153.75
2023-04-27,160.1900024
2023-04-28,164.3099976
2023-05-01,161.8300018
2023-05-02,160.3099976
2023-05-03,160.6100006
2023-05-04,161.1999969
2023-05-05,170.0599976
2023-05-08,171.7899933
2023-05-09,169.1499939
2023-05-10,168.5399933
2023-05-11,172.0800018
2023-05-12,167.9799957
2023-05-15,166.3500061
2023-05-16,166.5200043
2023-05-17,173.8600006
2023-05-18,176.8899994
2023-05-19,180.1399994
2023-05-22,188.8699951
2023-05-23,185.7700043
2023-05-24,182.8999939
2023-05-25,184.4700012
2023-05-26,193.1699982
2023-05-30,201.1600037
2023-05-31,203.9299927
2023-06-01,207.5200043
2023-06-02,213.9700012
2023-06-05,217.6100006
2023-06-06,221.3099976
2023-06-07,224.5700073
2023-06-08,234.8600006
2023-06-09,244.3999939
2023-06-12,249.8300018
2023-06-13,258.7099915
2023-06-14,256.7900085
2023-06-15,255.8999939
2023-06-16,260.5400085
2023-06-20,274.4500122
2023-06-21,259.4599915
2023-06-22,264.6099854
2023-06-23,256.6000061
2023-06-26,241.0500031
2023-06-27,250.2100067
2023-06-28,256.2399902
2023-06-29,257.5
2023-06-30,261.769989
2023-07-03,279.8200073
2023-07-05,282.480011
2023-07-06,276.5400085
2023-07-07,274.4299927
2023-07-10,269.6099854
2023-07-11,269.7900085
2023-07-12,271.9899902
2023-07-13,277.8999939
2023-07-14,281.3800049
2023-07-17,290.3800049
2023-07-18,293.3399963
2023-07-19,291.2600098
2023-07-20,262.8999939
2023-07-21,260.019989
2023-07-24,269.0599976
2023-07-25,265.2799988
2023-07-26,264.3500061
2023-07-27,255.7100067
2023-07-28,266.4400024
2023-07-31,267.4299927
2023-08-01,261.0700073
2023-08-02,254.1100006
2023-08-03,259.3200073
2023-08-04,253.8600006
2023-08-07,251.4499969
2023-08-08,249.6999969
2023-08-09,242.1900024
2023-08-10,245.3399963
2023-08-11,242.6499939
2023-08-14,239.7599945
2023-08-15,232.9600067
2023-08-16,225.6000061
2023-08-17,219.2200012
2023-08-18,215.4900055
2023-08-21,231.2799988
2023-08-22,233.1900024
2023-08-23,236.8600006
2023-08-24,230.0399933
2023-08-25,238.5899963
2023-08-28,238.8200073
2023-08-29,257.1799927
2023-08-30,256.8999939
2023-08-31,258.0799866
2023-09-01,245.0099945
2023-09-05,256.4899902
2023-09-06,251.9199982
2023-09-07,251.4900055
2023-09-08,248.5
2023-09-11,273.5799866
2023-09-12,267.480011
2023-09-13,271.2999878
2023-09-14,276.0400085
2023-09-15,274.3900146
2023-09-18,265.2799988
2023-09-19,266.5
2023-09-20,262.5899963
2023-09-21,255.6999969
2023-09-22,244.8800049
2023-09-25,246.9900055
2023-09-26,244.1199951
2023-09-27,240.5
2023-09-28,246.3800049
2023-09-29,250.2200012
2023-10-02,251.6000061
2023-10-03,246.5299988
2023-10-04,261.1600037
2023-10-05,260.0499878
2023-10-06,260.5299988
2023-10-09,259.6700134
2023-10-10,263.6199951
2023-10-11,262.9899902
2023-10-12,258.8699951
2023-10-13,251.1199951
2023-10-16,253.9199982
2023-10-17,254.8500061
2023-10-18,242.6799927
2023-10-19,220.1100006
2023-10-20,211.9900055
2023-10-23,212.0800018
2023-10-24,216.5200043
2023-10-25,212.4199982
2023-10-26,205.7599945
2023-10-27,207.3000031
2023-10-30,197.3600006
2023-10-31,200.8399963
2023-11-01,205.6600037
2023-11-02,218.5099945
2023-11-03,219.9600067
2023-11-06,219.2700043
2023-11-07,222.1799927
2023-11-08,222.1100006
2023-11-09,209.9799957
2023-11-10,214.6499939
2023-11-13,223.7100067
2023-11-14,237.4100037
2023-11-15,242.8399963
2023-11-16,233.5899963
2023-11-17,234.3000031
2023-11-20,235.6000061
2023-11-21,241.1999969
2023-11-22,234.2100067
2023-11-24,235.4499969
2023-11-27,236.0800018
2023-11-28,246.7200012
2023-11-29,244.1399994
2023-11-30,240.0800018
2023-12-01,238.8300018
2023-12-04,235.5800018
2023-12-05,238.7200012
2023-12-06,239.3699951
2023-12-07,242.6399994
2023-12-08,243.8399963
2023-12-11,239.7400055
2023-12-12,237.0099945
2023-12-13,239.2899933
2023-12-14,251.0500031
2023-12-15,253.5
2023-12-18,252.0800018
2023-12-19,257.2200012
2023-12-20,247.1399994
2023-12-21,254.5
2023-12-22,252.5399933
2023-12-26,256.6099854
2023-12-27,261.4400024
2023-12-28,253.1799927
2023-12-29,248.4799957
2024-01-02,248.4199982
2024-01-03,238.4499969
2024-01-04,237.9299927
2024-01-05,237.4900055
2024-01-08,240.4499969
2024-01-09,234.9600067
2024-01-10,233.9400024
2024-01-11,227.2200012
2024-01-12,218.8899994
2024-01-16,219.9100037
2024-01-17,215.5500031
2024-01-18,211.8800049
2024-01-19,212.1900024
2024-01-22,208.8000031
2024-01-23,209.1399994
2024-01-24,207.8300018
2024-01-25,182.6300049
2024-01-26,183.25
2024-01-29,190.9299927
2024-01-30,191.5899963
2024-01-31,187.2899933
2024-02-01,188.8600006
2024-02-02,187.9100037
2024-02-05,181.0599976
2024-02-06,185.1000061
2024-02-07,187.5800018
2024-02-08,189.5599976
2024-02-09,193.5700073
2024-02-12,188.1300049
2024-02-13,184.0200043
2024-02-14,188.7100067
2024-02-15,200.4499969
2024-02-16,199.9499969
2024-02-20,193.7599945
2024-02-21,194.7700043
2024-02-22,197.4100037
2024-02-23,191.9700012